-- phpMyAdmin SQL Dump
-- version 5.2.2
-- https://www.phpmyadmin.net/
--
-- Host: localhost:3306
-- Generation Time: Apr 26, 2026 at 06:55 PM
-- Server version: 10.6.24-MariaDB-cll-lve
-- PHP Version: 8.4.19

SET SQL_MODE = "NO_AUTO_VALUE_ON_ZERO";
START TRANSACTION;
SET time_zone = "+00:00";


/*!40101 SET @OLD_CHARACTER_SET_CLIENT=@@CHARACTER_SET_CLIENT */;
/*!40101 SET @OLD_CHARACTER_SET_RESULTS=@@CHARACTER_SET_RESULTS */;
/*!40101 SET @OLD_COLLATION_CONNECTION=@@COLLATION_CONNECTION */;
/*!40101 SET NAMES utf8mb4 */;

--
-- Database: `solar_power`
--

-- --------------------------------------------------------

--
-- Table structure for table `admin`
--

CREATE TABLE `admin` (
  `id` int(11) NOT NULL,
  `firstName` varchar(50) NOT NULL,
  `lastName` varchar(50) NOT NULL,
  `username` varchar(100) NOT NULL,
  `password` varchar(255) NOT NULL,
  `created_at` timestamp NOT NULL DEFAULT current_timestamp()
) ENGINE=InnoDB DEFAULT CHARSET=utf8mb4 COLLATE=utf8mb4_general_ci;

--
-- Dumping data for table `admin`
--

INSERT INTO `admin` (`id`, `firstName`, `lastName`, `username`, `password`, `created_at`) VALUES
(5, 'Admin', 'Gab', 'solarpowerAdmin4', '@dm!n1906', '2025-12-12 01:33:29'),
(11, 'Admin', 'Renz', 'solarpowerAdmin3', 'aDm!n1906', '2026-03-09 03:24:47'),
(12, 'Admin', 'Kenneth', 'solarpowerAdmin2', '@ADm!n1906', '2026-03-09 03:24:47');

-- --------------------------------------------------------

--
-- Table structure for table `archived_products`
--

CREATE TABLE `archived_products` (
  `archive_id` int(11) NOT NULL,
  `original_id` int(11) NOT NULL,
  `displayName` varchar(255) NOT NULL,
  `brandName` varchar(255) NOT NULL,
  `price` decimal(10,2) NOT NULL,
  `category` varchar(50) NOT NULL,
  `stockQuantity` int(11) NOT NULL DEFAULT 0,
  `warranty` varchar(100) DEFAULT NULL,
  `description` text DEFAULT NULL,
  `imagePath` varchar(255) NOT NULL,
  `postedByStaffId` int(11) DEFAULT NULL,
  `deleted_by` int(11) DEFAULT NULL,
  `deleted_at` datetime NOT NULL DEFAULT current_timestamp()
) ENGINE=InnoDB DEFAULT CHARSET=utf8mb4 COLLATE=utf8mb4_general_ci;

--
-- Dumping data for table `archived_products`
--

INSERT INTO `archived_products` (`archive_id`, `original_id`, `displayName`, `brandName`, `price`, `category`, `stockQuantity`, `warranty`, `description`, `imagePath`, `postedByStaffId`, `deleted_by`, `deleted_at`) VALUES
(0, 235, 'U-TYPE METAL BRACKET 4 sets of  L-FOOT (SCREW, RUBBER PUD & BOLT)', 'Universal Brand', 600.00, 'Mounting & Accessories', 1000, '2 years', 'L-foot mounting kits are standard structural components used to secure solar panel rails to rooftops, typically including an aluminum L-bracket, a protective rubber (EPDM) pad, a stainless steel bolt, and a mounting screw.', 'path/to/uploaded/image.jpg', 10, 10, '2026-04-17 23:00:27'),
(0, 64, 'SINGLE CORE PV WIRE RED 4mm2', 'Universal Brand', 0.00, 'Mounting & Accessories', 1500, '0', 'A box of 100 meters of single core red 4mm² PV wire typically costs between ₱3,000 and ₱6,500, with a price per meter of around ₱32 to ₱65. The price of ₱37.00 per meter falls within the typical range for this product when purchased in bulk. \\\\r\\\\n', 'path/to/uploaded/image.jpg', 5, NULL, '2026-04-26 18:23:14');

-- --------------------------------------------------------

--
-- Table structure for table `archived_quotations`
--

CREATE TABLE `archived_quotations` (
  `archive_id` int(11) NOT NULL,
  `original_id` int(11) NOT NULL,
  `quotation_number` varchar(10) DEFAULT NULL,
  `client_name` varchar(255) NOT NULL,
  `email` varchar(50) NOT NULL,
  `contact` int(11) DEFAULT NULL,
  `location` varchar(255) DEFAULT NULL,
  `system_type` varchar(50) DEFAULT NULL,
  `kw` decimal(10,2) DEFAULT NULL,
  `officer` varchar(50) DEFAULT NULL,
  `status` varchar(50) DEFAULT NULL,
  `remarks` text DEFAULT NULL,
  `created_by` int(11) DEFAULT NULL,
  `original_created_at` timestamp NULL DEFAULT NULL,
  `deleted_by` int(11) DEFAULT NULL,
  `deleted_at` datetime NOT NULL DEFAULT current_timestamp()
) ENGINE=InnoDB DEFAULT CHARSET=utf8mb4 COLLATE=utf8mb4_general_ci;

-- --------------------------------------------------------

--
-- Table structure for table `archived_suppliers`
--

CREATE TABLE `archived_suppliers` (
  `archive_id` int(11) NOT NULL,
  `original_id` int(11) NOT NULL,
  `supplierName` varchar(255) NOT NULL,
  `contactPerson` varchar(255) DEFAULT NULL,
  `email` varchar(100) DEFAULT NULL,
  `phone` varchar(20) DEFAULT NULL,
  `address` text DEFAULT NULL,
  `city` varchar(100) DEFAULT NULL,
  `country` varchar(100) DEFAULT NULL,
  `registrationDate` timestamp NULL DEFAULT NULL,
  `deleted_by` int(11) DEFAULT NULL,
  `deleted_at` datetime NOT NULL DEFAULT current_timestamp()
) ENGINE=InnoDB DEFAULT CHARSET=utf8mb4 COLLATE=utf8mb4_general_ci;

-- --------------------------------------------------------

--
-- Table structure for table `brands`
--

CREATE TABLE `brands` (
  `brand_id` int(11) UNSIGNED NOT NULL,
  `brand_name` varchar(100) NOT NULL,
  `category_id` int(11) UNSIGNED DEFAULT NULL
) ENGINE=InnoDB DEFAULT CHARSET=utf8mb4 COLLATE=utf8mb4_general_ci;

--
-- Dumping data for table `brands`
--

INSERT INTO `brands` (`brand_id`, `brand_name`, `category_id`) VALUES
(1, 'Trina', 1),
(2, 'JA Solar', 1),
(3, 'Aiko', 1),
(4, 'lvtopsun', 1),
(5, 'BYD', 2),
(6, 'longi', 2),
(7, 'Pylontech', 2),
(8, 'Huawei', 3),
(9, 'Solis', 3),
(10, 'Growatt', 3),
(11, 'Holymiles', 3),
(14, 'Suntree', 6),
(15, 'Universal Brand', 4),
(16, 'YESEIZN', 6),
(17, 'REYUN', 6);

-- --------------------------------------------------------

--
-- Table structure for table `categories`
--

CREATE TABLE `categories` (
  `category_id` int(11) UNSIGNED NOT NULL,
  `category_name` varchar(100) NOT NULL
) ENGINE=InnoDB DEFAULT CHARSET=utf8mb4 COLLATE=utf8mb4_general_ci;

--
-- Dumping data for table `categories`
--

INSERT INTO `categories` (`category_id`, `category_name`) VALUES
(2, 'Battery'),
(6, 'Breaker & SPD\'S'),
(3, 'Inverter'),
(4, 'Mounting & Accessories'),
(5, 'Package'),
(1, 'Panel');

-- --------------------------------------------------------

--
-- Table structure for table `client`
--

CREATE TABLE `client` (
  `id` int(11) NOT NULL,
  `email` varchar(255) NOT NULL,
  `firstName` varchar(50) NOT NULL,
  `lastName` varchar(50) NOT NULL,
  `password` varchar(255) DEFAULT NULL,
  `contact_number` int(11) NOT NULL,
  `address` varchar(255) NOT NULL,
  `created_at` timestamp NOT NULL DEFAULT current_timestamp()
) ENGINE=InnoDB DEFAULT CHARSET=utf8mb4 COLLATE=utf8mb4_general_ci;

-- --------------------------------------------------------

--
-- Table structure for table `contact_messages`
--

CREATE TABLE `contact_messages` (
  `id` int(11) NOT NULL,
  `name` varchar(150) NOT NULL,
  `email` varchar(150) NOT NULL,
  `phone` varchar(50) DEFAULT NULL,
  `message` text NOT NULL,
  `created_at` datetime NOT NULL DEFAULT current_timestamp(),
  `status` enum('new','read','replied') DEFAULT 'new'
) ENGINE=InnoDB DEFAULT CHARSET=utf8mb4 COLLATE=utf8mb4_general_ci;

--
-- Dumping data for table `contact_messages`
--

INSERT INTO `contact_messages` (`id`, `name`, `email`, `phone`, `message`, `created_at`, `status`) VALUES
(1, 'Jeciel Duyag', 'jecielmee@gmail.com', '09916676792', 'Hi, I would like to inquire about rent to own or rental prices or packages', '2026-03-06 01:07:08', 'replied'),
(2, 'Filzen Dela cruz', 'filzen17@gmail.com', '09171211978', 'GOOD DAY!  Request for quotation:\r\n\r\nLocation:\r\nDiliman, QC\r\n\r\nMeralco bill: 8-9K\r\n\r\nResidential grid tie solar panel package', '2026-03-27 01:03:38', 'replied'),
(3, 'Raflyn Guillermo', 'waynani@yahoo.com', '09328874453', 'Please send me details on 6k hybrid set up on rent to own basis.', '2026-04-03 20:07:23', 'replied'),
(4, 'John Gabriel Celestial', 'johngabriel.celestial@deped.gov.ph', '09454093122', 'Goodday, my electric bill is up to 3000k, how much is the qoutation on your most affordable price po for solar panel installations po. Need visit or can i just get free qoutations po or the overall total cost receipt ? This is my info\r\n\r\nName: JOHN GABRIEL CELESTIAL\r\nEmail: johngabriel.celestial@deped.gov.ph\r\nTelephone Number: 09454093122\r\nArea/Location: Cluster 1, G.K. European Village, Malacañang-dulo, Brgy. Don Bosco, Parañaque city 1700\r\nRooftype: GI steel\r\n\r\nLandmarks: Near Puregold jr. Betterliving along Dominic Savio street and Immaculate Heart of Mary College-Parañaque city\r\nTarget Installation Date: MAY 11, 2026', '2026-04-03 21:58:21', 'replied'),
(5, 'JOHN MICO ALMORADIE', 'micoalmoradie@gmail.com', '0995-267-8859 (If possible, please reach me out on', 'Hi, a blessed day!\r\n\r\nI am inquiring because my family is planning to install a solar power system for our home in the future.\r\n\r\nInstead of choosing one of the packages you offer, we are considering selecting a specific inverter, battery, and solar panels ourselves in order to reduce costs and hopefully achieve a faster ROI. The other materials and installation requirements that are not included in our chosen items may be provided and installed by your solar company.\r\n\r\nWe are also interested in your fully deductible solar site visit/ocular inspection, which is one of the reasons we would like to purchase the supplies and installation from your company. We understand that our final setup may still change depending on the results of the site visit, so this is still open for adjustments.\r\n\r\nFor now, we are initially considering the following items based on what we saw on your website:\r\n\r\n1. SRNE 12kW Single Phase Low Voltage Hybrid Inverter — ₱84,600.00\r\n2. Eenovance 16.07kWh 314Ah MANA 16-D LFP Battery — ₱88,000.00\r\n3. 15 pcs or more Trina Solar Panels 705W — ₱6,630.00 each (Total for 15 pcs: ₱99,450.00)\r\n\r\nWe are currently located in Dasmariñas, Cavite. We look forward to your reply so we can discuss our future solar-powered home with my family. For now, we will wait for your response and any additional recommendations before proceeding to book a site inspection.\r\n\r\nThank you very much, and God bless!', '2026-04-03 23:45:26', 'replied'),
(6, 'MARILYN V. FERNANDO', 'timmulco@gmail.com', '+63 917 6515 993', 'SOLAR POWER PHILIPPINES\r\n4/F PBB Corporate Center, 1906 Finance Drive, Madrigal Business Park 1, Ayala Alabang, Muntinlupa City, 1780, Philippines\r\n+63 995 394 7379\r\nsolar@solarpower.com.ph\r\nSubject: Solar System Proposal Request (Business Load)\r\n\r\nDear Sir: \r\n\r\nGood day high esteem supplier!\r\n\r\nI am looking for a solar solution for our business with the following details:\r\n\r\nMonthly bill: Ranging from ₱12,000.00 to ₱15,000 (~1,250 kWh/month) \r\n\r\nEquipment: \r\n•	14 desktop computers \r\n•	1 computer server \r\n•	4 floor-mounted aircons \r\n•	printers, ATM, lighting, etc. \r\n\r\nGoal: \r\n•	Reduce electric bill significantly \r\n•	Have battery backup for night operation\r\n\r\nI am interested in the following configurations:\r\n•	10 kW solar + 10–12 kWh battery (entry) \r\n•	15 kW solar + 20–24 kWh battery (recommended) \r\n•	20–25 kW solar + 30–40 kWh battery (full backup) \r\n\r\nPreferred brands:\r\n•	Inverter: Deye / Solis / Growatt \r\n•	Battery: Dyness / Pylontech / BYD \r\n•	Panels: Jinko / Longi \r\n\r\nPlease provide:\r\n•	Full system quote \r\n•	Installation cost \r\n•	Warranty details \r\n•	Payback estimate \r\n\r\nLocation: Public Market Center, Poblacion, Bayog, Zamboanga del Sur, Mindanao, Philippines \r\n\r\nHoping for your immediate action.\r\n\r\nMarilyn V. Fernando\r\nManager', '2026-04-08 21:47:43', 'replied'),
(7, 'Kristine Gaza', 'cookiegaza@gmail.com', '0998 552 3935', 'Inquiring for solar panels for residential home in pasig. Ave 500kwh monthly consumption. Options with and without net metering', '2026-04-11 19:54:10', 'replied'),
(8, 'Dilbert Dela Cruz', 'bmwworkshop242@gmail.com', '+61416010776', 'Hello mag inquire po Ako Kung available po ang 630watts solar  panel  Jinko.  10-12 PC\'s at  railings . And battery \r\nPwede po ba kami na Lang  ang nagpick up Sa ware house nyo Kung available po .?\r\nYou contact my number po through Wattsap messenger.\r\nSalamat po', '2026-04-13 01:57:26', 'replied');

-- --------------------------------------------------------

--
-- Table structure for table `delivery_locations`
--

CREATE TABLE `delivery_locations` (
  `id` int(11) NOT NULL,
  `location_name` varchar(255) NOT NULL,
  `location_type` enum('warehouse','hub','transit','destination') NOT NULL,
  `address` text DEFAULT NULL,
  `city` varchar(100) DEFAULT NULL,
  `province` varchar(100) DEFAULT NULL,
  `latitude` decimal(10,8) DEFAULT NULL,
  `longitude` decimal(11,8) DEFAULT NULL,
  `is_active` tinyint(1) DEFAULT 1,
  `created_at` timestamp NOT NULL DEFAULT current_timestamp()
) ENGINE=InnoDB DEFAULT CHARSET=utf8mb4 COLLATE=utf8mb4_general_ci;

-- --------------------------------------------------------

--
-- Table structure for table `orders`
--

CREATE TABLE `orders` (
  `id` int(11) NOT NULL,
  `order_reference` varchar(50) NOT NULL,
  `customer_name` varchar(255) NOT NULL,
  `customer_email` varchar(255) NOT NULL,
  `customer_phone` varchar(50) NOT NULL,
  `customer_address` text NOT NULL,
  `total_amount` decimal(10,2) NOT NULL,
  `payment_method` varchar(50) NOT NULL,
  `payment_status` varchar(50) DEFAULT 'pending',
  `order_status` varchar(50) DEFAULT 'pending',
  `tracking_number` varchar(100) DEFAULT NULL,
  `staff_notes` text DEFAULT NULL,
  `receipt_path` varchar(500) DEFAULT NULL COMMENT 'Path to uploaded payment receipt (InstaPay/GCash)',
  `current_location` varchar(255) DEFAULT NULL,
  `estimated_delivery` date DEFAULT NULL,
  `delivered_at` timestamp NULL DEFAULT NULL,
  `created_at` timestamp NOT NULL DEFAULT current_timestamp()
) ENGINE=InnoDB DEFAULT CHARSET=utf8mb4 COLLATE=utf8mb4_general_ci;

--
-- Triggers `orders`
--
DELIMITER $$
CREATE TRIGGER `after_order_insert` AFTER INSERT ON `orders` FOR EACH ROW BEGIN
    INSERT INTO order_tracking_history (order_id, status, description)
    VALUES (NEW.id, 'pending', 'Order has been placed and is awaiting confirmation');
END
$$
DELIMITER ;

-- --------------------------------------------------------

--
-- Table structure for table `order_items`
--

CREATE TABLE `order_items` (
  `id` int(11) NOT NULL,
  `order_id` int(11) NOT NULL,
  `product_id` int(11) NOT NULL,
  `product_name` varchar(255) NOT NULL,
  `quantity` int(11) NOT NULL,
  `price` decimal(10,2) NOT NULL,
  `subtotal` decimal(10,2) NOT NULL
) ENGINE=InnoDB DEFAULT CHARSET=utf8mb4 COLLATE=utf8mb4_general_ci;

-- --------------------------------------------------------

--
-- Table structure for table `order_tracking_history`
--

CREATE TABLE `order_tracking_history` (
  `id` int(11) NOT NULL,
  `order_id` int(11) NOT NULL,
  `status` varchar(50) NOT NULL,
  `location` varchar(255) DEFAULT NULL,
  `description` text DEFAULT NULL,
  `updated_by_staff_id` int(11) DEFAULT NULL,
  `created_at` timestamp NOT NULL DEFAULT current_timestamp()
) ENGINE=InnoDB DEFAULT CHARSET=utf8mb4 COLLATE=utf8mb4_general_ci;

-- --------------------------------------------------------

--
-- Table structure for table `password_resets`
--

CREATE TABLE `password_resets` (
  `id` int(11) NOT NULL,
  `email` varchar(255) NOT NULL,
  `reset_code` varchar(6) NOT NULL,
  `user_role` enum('staff','client') NOT NULL,
  `expiry_date` datetime NOT NULL,
  `used` tinyint(1) DEFAULT 0,
  `created_at` timestamp NOT NULL DEFAULT current_timestamp()
) ENGINE=InnoDB DEFAULT CHARSET=utf8mb4 COLLATE=utf8mb4_general_ci;

-- --------------------------------------------------------

--
-- Table structure for table `product`
--

CREATE TABLE `product` (
  `id` int(11) NOT NULL,
  `displayName` varchar(255) NOT NULL,
  `brandName` varchar(255) NOT NULL,
  `price` decimal(10,2) NOT NULL,
  `category` varchar(50) NOT NULL,
  `stockQuantity` int(11) NOT NULL DEFAULT 0,
  `warranty` varchar(100) DEFAULT NULL,
  `description` text DEFAULT NULL,
  `imagePath` varchar(255) NOT NULL,
  `postedByStaffId` int(11) DEFAULT NULL,
  `moq` int(11) NOT NULL DEFAULT 1 COMMENT 'Minimum Order Quantity. Only enforced for Solar Panel and Mounting & Accessories categories.'
) ENGINE=InnoDB DEFAULT CHARSET=utf8mb4 COLLATE=utf8mb4_general_ci;

--
-- Dumping data for table `product`
--

INSERT INTO `product` (`id`, `displayName`, `brandName`, `price`, `category`, `stockQuantity`, `warranty`, `description`, `imagePath`, `postedByStaffId`, `moq`) VALUES
(65, 'flexible PVC BLACK 3/4', 'Universal Brand', 150.00, 'Mounting & Accessories', 1500, '0', 'A price of ₱88 for 3/4\\\\\\\" black flexible PVC conduit is a competitive price for a single meter or possibly a short length.', 'path/to/uploaded/image.jpg', 5, 1),
(74, '2.2kW Grid Tie Packages', 'Grid-tie', 150000.00, 'Package', 100, '5 years', '4 PC 635 BIFICIAL SOLAR PANEL , 2kW GRID TIE INVERTER', 'path/to/uploaded/image.jpg', 5, 1),
(75, '4.4kW Grid-Tie', 'Grid-tie', 280000.00, 'Package', 150, '5 years', '7 PCS 635 BIFACIAL SOLAR PANEL , 4 kW GRID-TIE INVERTER', 'path/to/uploaded/image.jpg', 5, 1),
(78, '6kW - Grid-Tie Package', 'Grid-tie', 420000.00, 'Package', 1000, '5 years', '10 PCS Bifacial Solar Panel, 6 kW Grid-Tie Inverter', 'path/to/uploaded/image.jpg', 5, 1),
(80, '8kW - Grid- Tie Package', 'Grid-tie', 560000.00, 'Package', 50, '5 years', '12 PCS Bifacial Solar Panel\\r\\n6 kW Grid Tie Inverter', 'path/to/uploaded/image.jpg', 1, 1),
(81, '10kW - Grid-Tie Package', 'Grid-tie', 700000.00, 'Package', 50, '5 years', '16 PCS Bifacial Solar Panel\\r\\n6 kW Grid Tie Inverter', 'path/to/uploaded/image.jpg', 1, 1),
(91, '550 W', 'Lvtopsun', 7150.00, 'Panel', 1000, '12 years', 'The LVTOPSUN 550W Bifacial Solar Panel (Model LVTS144M-550) uses PERC half-cut cells, features a 21.2-21.3% efficiency, and offers 550W power at STC, with key specs like 49.8V Voc, 13.23A Isc, and a durable anodized aluminum frame, boasting a 25-year performance warranty and IP68 protection, ideal for maximizing energy capture from both sides.', 'path/to/uploaded/image.jpg', 7, 5),
(95, '580W', 'Lvtopsun', 7800.00, 'Panel', 1000, '12 years', 'A specific model of high-power, bifacial N-type solar panel from the brand LVTOPSUN, offering 580 watts of peak power with 22.5% efficiency, designed to capture sunlight from both sides for increased energy yield, popular in the Philippines for solar installations. Key specs include a high open-circuit voltage (Voc) of 51.5V and a 25-year product warranty.', 'path/to/uploaded/image.jpg', 5, 5),
(98, '645W', 'Aiko', 7100.00, 'Panel', 1000, '12 years', 'The Aiko 645W Bifacial Solar Panel is a high-efficiency N-type panel using All-Back Contact (ABC) technology for superior power generation from both sides, featuring a durable dual-glass design, excellent low-light performance, and high temperature resistance, backed by a strong warranty for residential, commercial, and industrial use', 'path/to/uploaded/image.jpg', 7, 5),
(99, '650W', 'Aiko', 7200.00, 'Panel', 1000, '12 years', 'The Aiko 650W Bifacial Solar Panel is a high-efficiency N-type panel using All-Back Contact (ABC) technology for superior power generation from both sides, featuring a durable dual-glass design, excellent low-light performance, and high temperature resistance, backed by a strong warranty for residential, commercial, and industrial use', 'path/to/uploaded/image.jpg', 7, 5),
(102, '635W', 'Aiko', 6900.00, 'Panel', 1000, '12 years', 'The Aiko 635W Bifacial Solar Panel is a high-efficiency N-type panel using All-Back Contact (ABC) technology for superior power generation from both sides, featuring a durable dual-glass design, excellent low-light performance, and high temperature resistance, backed by a strong warranty for residential, commercial, and industrial use', 'path/to/uploaded/image.jpg', 7, 5),
(103, '615W', 'Trina Solar', 6500.00, 'Panel', 1000, '12 years', 'Trina Solar\\\'s 615W panels, typically the Vertex N i-TOPCon TSM-NEG19RC.20 model, are high-efficiency N-type bifacial glass-glass modules for utility/commercial use, featuring 22.8-23.1% efficiency, 132 half-cut cells, and excellent performance with 12-year product/30-year performance warranties. Key specs include 1500V system voltage, high mechanical load resistance (5400 Pa front), and lower degradation rates (1% first year, 0.4% annually)', 'path/to/uploaded/image.jpg', 7, 5),
(104, '705W', 'Trina Solar', 6630.00, 'Panel', 1000, '12 years', 'Trina Solar\\\'s 705W bifacial panels, part of the Vertex N series (TSM-NEG21C.20), are high-power, N-type i-TOPCon glass-glass modules featuring ~22.7% efficiency, 132 cells, MC4 connectors, and robust mechanicals, offering significant power gains from the backside (up to 10-20%) for utility-scale projects, with key specs including 1500V max voltage, 12-year product warranty, and 30-year performance warranty.', 'path/to/uploaded/image.jpg', 7, 5),
(108, '580w', 'AE Solar', 9900.00, 'Panel', 1000, '12 years', 'AE Solar produces high-efficiency 580W bifacial solar panels under several product lines, primarily the Meteor (N-type TOPCon) and Aurora (PERC) series. These panels are designed with German engineering for high durability and performance in varying light conditions.', 'path/to/uploaded/image.jpg', 7, 5),
(109, '590W', 'Jinko Solar', 7420.00, 'Panel', 1000, '12 years', 'The Jinko Solar Tiger Neo 590W N-type monocrystalline mono-facial panel (JKM590N-72HL4-V) uses advanced TOPCon/HOT 3.0 technology and SMBB to deliver high efficiency (up to 22.84%), low light-induced degradation, and superior performance in low-light conditions. It features 144 half-cut cells, a robust 35mm frame, and is ideal for utility/commercial, offering a -0.29%/°C temperature coefficient.', 'path/to/uploaded/image.jpg', 7, 5),
(119, '6kW Single Phase Hybrid Inverter X1-HYB-6.0-LV', 'Solax', 64000.00, 'Inverter', 100, '5 years', 'The X1-Hybrid LV series, available from 6kW, combines a user-friendly LCD screen to meet modern residential energy needs. The inverter also features easy generator and microgrid integration, making it an ideal choice for a wide range of hybrid solar applications.', 'path/to/uploaded/image.jpg', 7, 1),
(120, '5kW Single Phase Hybrid Inverter X1-HYB-5.0-LV', 'Solax', 49000.00, 'Inverter', 100, '5 years', 'The X1-Hybrid LV series, available from 5kW, combines a user-friendly LCD screen to meet modern residential energy needs. The inverter also features easy generator and microgrid integration, making it an ideal choice for a wide range of hybrid solar applications.', 'path/to/uploaded/image.jpg', 7, 1),
(122, '2.2kW - Hybrid', 'Hybrid', 200000.00, 'Package', 50, '2 years', 'Product Included:\\r\\n- 4PCS 635 Bifacial Solar Panel\\r\\n- 2kW Hybrid Inverter\\r\\n- 51.2V 100AH LifePO Battery\\r\\n\\r\\nWarranties: \\r\\n- Solar Panel: 12 yrs\\r\\n- Inverter: 5 yrs\\r\\n- Battery: 5 yrs\\r\\n', 'path/to/uploaded/image.jpg', 5, 1),
(123, '3.3kW - Hybrid', 'Hybrid', 270000.00, 'Package', 50, '2 years', 'Product Included:\\r\\n- 6 Pcs 635 Bifacial Solar Panel\\r\\n- 2kW Hybrid Inverter\\r\\n- 51.2V 100AH LifePO Battery\\r\\n\\r\\nWarranties:\\r\\n- Solar Panel: 12yrs\\r\\n- Inverter: 5 yrs\\r\\n- Battery: 5 yrs', 'path/to/uploaded/image.jpg', 5, 1),
(124, '4.0kW - Hybrid Package', 'Hybrid', 360000.00, 'Package', 50, '2 years', 'Product Included:\\r\\n- 7 Pcs 635 Bifacial Solar Panel\\r\\n- 4kW Hybrid Inverter\\r\\n- 51.2V 100AH LifePO Battery\\r\\n\\r\\nWarranties:\\r\\n- Solar Panel: 12yrs\\r\\n- Inverter: 5 yrs\\r\\n- Battery: 5 yrs', 'path/to/uploaded/image.jpg', 5, 1),
(128, '10.24kwh 200ah EOS  Low Voltage Battery', 'SRNE', 88200.00, 'Battery', 500, '5 years', 'The SRNE SR-EOS10B is a high-capacity 10.24kWh lithium iron phosphate (LiFePO4) battery designed for modern residential, commercial, and off-grid solar energy storage. It is engineered as a space-saving, intelligent storage solution that can be mounted on walls or floors.', 'path/to/uploaded/image.jpg', 11, 1),
(130, '5.12KWH 100AH EOS  Low Voltage Battery', 'SRNE', 49000.00, 'Battery', 500, '5 years', 'SRNE offers several 5.12kWh lithium iron phosphate (LiFePO4) battery models designed for residential and commercial solar storage, with standard 6,000-cycle lifespans.\\r\\n\\r\\nThese standalone modules are designed for integration into existing solar setups and are often scalable by connecting multiple units in parallel.', 'path/to/uploaded/image.jpg', 11, 1),
(132, '16.07kwh 314ah EOS  Low Voltage Battery', 'SRNE', 114800.00, 'Battery', 500, '5 years', 'The SRNE 314Ah refers to a specific capacity of a lithium iron phosphate (LFP) battery used in the company\\\'s modular energy storage systems, primarily in the  SR-SE16B-Pro models.', 'path/to/uploaded/image.jpg', 11, 1),
(135, '6kW Single Phase Low Voltage Hybrid Inverter', 'SRNE', 49000.00, 'Inverter', 500, '5 years', 'The SRNE 6kW Single Phase Low Voltage Hybrid Inverter (primarily the HESP4860S100-H model) is an all-in-one power management system designed for residential and light commercial use. It is a \\\"hybrid\\\" because it can simultaneously manage power from solar panels, the utility grid, and a generator', 'path/to/uploaded/image.jpg', 11, 1),
(136, '8kW Single Phase Low Voltage Hybrid Inverter', 'SRNE', 63000.00, 'Inverter', 500, '5 years', 'The SRNE 8kW Single Phase Low Voltage Hybrid Inverter is primarily the HESP4860S100-H models is an all-in-one power management system designed for residential and light commercial use. It is a hybrid because it can simultaneously manage power from solar panels, the utility grid, and a generator', 'path/to/uploaded/image.jpg', 11, 1),
(138, '12kW Single Phase Low Voltage Hybrid Inverter', 'SRNE', 84600.00, 'Inverter', 500, '5 years', 'The SRNE 12kW single-phase low-voltage hybrid inverter is a powerful 48V system (specifically models like the SRNE HESP48120S200-H or SRNE SEI-12K-SP) designed to manage solar, battery, and grid power for high-capacity residential use.', 'path/to/uploaded/image.jpg', 10, 1),
(140, '6KW SNA-6K Single-Phase Hybrid Inverter', 'LuxPower', 48000.00, 'Inverter', 500, '5 years', 'The most common model, the Luxpower SNA 6000 W (or SNA 6K), is a cost-effective, single-phase, off-grid and hybrid-ready inverter that is popular in residential settings. It features a built-in 80A/100A MPPT solar charger (some sources list 140A for a newer variant), allowing up to 8kW of solar panel input, a maximum charging current of 140A for 48V lithium-ion batteries, and the ability to operate in parallel with up to 16 units for scalable systems.', 'path/to/uploaded/image.jpg', 10, 1),
(142, '14KW SNA-14K Single-Phase Hybrid Inverter', 'LuxPower', 93000.00, 'Inverter', 500, '5 years', 'The Luxpower 14kW hybrid inverter (model SNA14000 or SNA-EU 14000) is a single-phase unit with a 14,000W rated output power, capable of accepting up to 24kW of PV input. It features dual MPPTs, integrated breakers, and supports parallel operation.', 'path/to/uploaded/image.jpg', 10, 1),
(143, '10kW Single Phase Hybrid Inverter X1-Lite-10.0-LV', 'Solax', 100000.00, 'Inverter', 500, '5 years', 'The SolaX X1-Lite-10.0-LV is a high-performance, single-phase hybrid inverter designed specifically for residential systems using Low Voltage (LV) batteries. It strikes a balance between high power output and the flexibility of 48V battery', 'path/to/uploaded/image.jpg', 10, 1),
(144, '12kW Single Phase Hybrid Inverter X1-Lite-12.0-LV', 'Solax', 128000.00, 'Inverter', 500, '5 years', 'The SolaX X1-Lite-12.0-LV is the most powerful variant in the Lite-LV series, offering a significant jump in solar handling and MPPT flexibility. It is specifically built for large-scale residential energy storage using 48V Low Voltage batteries.', 'path/to/uploaded/image.jpg', 10, 1),
(145, '15kW Three Phase Hybrid Inverter X3-NEO-15K-LV', 'Solax', 150000.00, 'Inverter', 500, '5 years', 'The SolaX X3-NEO-15K-LV is part of SolaX\\\'s latest generation of low-voltage three-phase inverters. It is designed to bridge the gap between heavy residential use and light commercial applications, maintaining compatibility with 48V battery systems while delivering high power output.', 'path/to/uploaded/image.jpg', 10, 1),
(147, '625W', 'Jinko Solar', 7500.00, 'Panel', 1000, '5 years', 'The Jinko 625W Tiger Neo (specifically models like the JKM625N-66HL4M-BDV) is an ultra-high-power module designed for large residential, commercial, and utility-scale projects. It utilizes N-Type TOPCon technology, which is the current industry gold standard for efficiency and longevity.', 'path/to/uploaded/image.jpg', 10, 5),
(148, '630W', 'Jinko Solar', 7600.00, 'Panel', 1000, '5 years', 'The Jinko 630W Tiger Neo (specifically the JKM630N-78HL4-BDV) is a flagship ultra-high-power module. It sits at the top end of the Tiger Neo series, utilizing Jinko\\\'s N-Type TOPCon (Tunnel Oxide Passivated Contact) technology to achieve elite-level efficiency and durability.', 'path/to/uploaded/image.jpg', 10, 5),
(150, '620W', 'Nuuko', 9100.00, 'Panel', 1000, '12years', 'The Nuuko 620W solar panel (part of the NKM-132BDR12 series) is a high-efficiency module designed for both large-scale residential and commercial systems. Nuuko utilizes N-Type TOPCon technology, similar to the Jinko Tiger Neo, which ensures better performance in high-heat and low-light conditions.', 'path/to/uploaded/image.jpg', 10, 5),
(153, '650W', 'Austra', 7000.00, 'Panel', 1000, '12 years', 'The Austa 650W (specifically model AU650-33V-MH) is an ultra-high-power module designed for large-scale installations. Unlike some other brands that use standard widths, this Austa model is significantly wider, utilizing 210mm large-format cells to push the wattage boundary.', 'path/to/uploaded/image.jpg', 10, 5),
(156, '595W', 'Nuuko', 8450.00, 'Panel', 1000, '12 years', 'The Nuuko 595W solar panel (specifically the NKM595N-144BDM10 model) is a high-efficiency module utilizing advanced N-type TOPCon technology. It is designed for both large-scale commercial projects and high-performance residential installations, offering a significant power density and excellent longevity.', 'path/to/uploaded/image.jpg', 10, 5),
(158, '630W', 'AE Solar', 10000.00, 'Panel', 1000, '12 years', 'The AE Solar 630W (specifically the Meteor AE CMER-132BDS) is a top-tier bifacial module from the German-engineered Aurora/Meteor series. It utilizes N-type TOPCon technology, making it a direct competitor to the Nuuko 595W but with a larger footprint and higher total power output.', 'path/to/uploaded/image.jpg', 10, 5),
(160, '595W', 'TongWei (TW)', 6890.00, 'Panel', 1000, '12 years', 'The Tongwei (TW Solar) 595W (Model: TWMND-72HD595W) is a high-efficiency N-type TOPCon bifacial module. Tongwei is one of the world\\\'s largest silicon and solar cell manufacturers, and this panel represents their premium tier for large-scale and industrial applications.', 'path/to/uploaded/image.jpg', 10, 5),
(163, '585W', 'Dahai', 6400.00, 'Panel', 1000, '12 years', 'The Dahai Solar 585W (specifically the DHM72T31-585/TP model) is a high-efficiency N-type TOPCon module. Dahai Solar is a large-scale manufacturer known for its significant silicon and module production capacity, and this panel is part of their premium high-efficiency line.', 'path/to/uploaded/image.jpg', 10, 5),
(164, '550W', 'IanSolar', 6600.00, 'Panel', 1000, '12 years', 'The IAN 550W Mono (Model: IAN550-144-MH) is a high-output monocrystalline module widely distributed in the Philippines. It is produced through OEM partnerships (often featuring the same architecture as major Tier 1 brands like Jinko or Longi) and uses PERC Half-Cut cell technology.', 'path/to/uploaded/image.jpg', 10, 5),
(165, '610W', 'JA Solar', 7540.00, 'Panel', 1000, '12 years', 'The JA Solar 610W is a high-performance module typically found in two main variations: the N-type TOPCon (DeepBlue 4.0 Pro) and the Mono PERC (DeepBlue 3.0 Pro). Both are designed for large-scale commercial and industrial applications due to their high power density.', 'path/to/uploaded/image.jpg', 10, 5),
(168, '585W', 'Hanersun', 5900.00, 'Panel', 1000, '12 years', 'The Hanersun 620W (specifically from the HiTouch 6N series) is a high-power module designed for utility-scale projects and high-capacity industrial installations. It utilizes the latest N-type TOPCon technology on a 210mm large-wafer platform.', 'path/to/uploaded/image.jpg', 10, 5),
(170, '710w', 'JA Solar', 8320.00, 'Panel', 1000, '12 years', 'The JA Solar 710W (specifically the JAM66D46-710/LB) is a high-power bifacial module from the DeepBlue 4.0 Pro series. It represents the \\\"ultra-high power\\\" category, utilizing the large-format 210mm (G12) wafer platform and N-type TOPCon technology.', 'path/to/uploaded/image.jpg', 10, 5),
(172, '5.12kWh 100AH LD51 LFP Battery', 'Solax', 46000.00, 'Battery', 500, '5 years', 'The SolaX LD51 is a low-voltage Lithium Iron Phosphate (LFP) battery module designed for residential and commercial energy storage. It is popular for its high discharge capability and modularity, allowing users to scale their storage as needed.\\r\\nIt is designed to work seamlessly with SolaX low-voltage hybrid inverters (like the X1-Hybrid LV series) but is also compatible with many other 48V systems.', 'path/to/uploaded/image.jpg', 10, 1),
(174, '11.77kWh 230AH LD117  LFP Battery', 'Solax', 89000.00, 'Battery', 500, '5 years', 'The SolaX LD117 (TSYS-LD117) is a large-format, low-voltage lithium battery designed to provide massive energy storage in a single footprint. This model uses higher-capacity 230Ah cells, making it ideal for large households or commercial applications with high power demands.', 'path/to/uploaded/image.jpg', 10, 1),
(175, '16.07kWh 314AH LD160  LFP Battery', 'Solax', 99000.00, 'Battery', 500, '5 years', 'The SolaX LD160 (Model: TSYS-LD160) is the high-capacity flagship of SolaX’s low-voltage LFP lineup. Utilizing the massive 314Ah cell architecture, it is designed for heavy-duty residential and light commercial storage where maximum energy density and high discharge power are required.', 'path/to/uploaded/image.jpg', 10, 1),
(176, '16.07kWh 314AH MANA 16-D LFP Battery', 'Eenovance', 88000.00, 'Battery', 500, '5 years', 'The MANA 16-D (by Eenovance) is a high-capacity, low-voltage lithium battery that mirrors the specs of the SolaX LD160 but is often positioned as a more versatile, \\\"open-protocol\\\" alternative. It is specifically designed for high-demand residential storage and off-grid reliability.', 'path/to/uploaded/image.jpg', 10, 1),
(178, '5.12kWh 100AH LB-5D-G2 LifePO4', 'HoyMiles', 60000.00, 'Battery', 500, '10 years', 'The Hoymiles LB-5D-G2 is a second-generation (G2), low-voltage lithium iron phosphate (LFP) battery designed for high efficiency and space-saving residential storage. It is the perfect companion for Hoymiles hybrid inverters but is widely compatible with other 48V/51.2V systems.\\r\\n\\r\\nThe LB-5D-G2 is a 5.12kWh / 100Ah battery known for its ultra-thin design (only 145mm thick). It uses safe, cobalt-free LiFePO4 chemistry and is engineered for easy installation with \\\"plug-and-play\\\" quick connectors.\\r\\n\\r\\nScalability: You can parallel up to 16 units to reach a total capacity of 81.92 kWh, making it suitable for larger homes or small commercial setups.', 'path/to/uploaded/image.jpg', 10, 1),
(180, 'Power Module, Max. output power 5kW', 'Huawei', 68000.00, 'Battery', 500, '10 years', 'Huawei LUNA2000-5KW-C0 (Power Control Module). It does not store energy itself but manages the charging/discharging of the 5kWh battery modules below it.\\r\\nActs as the BMS (Battery Management System) and communication interface between the battery stack and a Huawei SUN2000 hybrid inverter.', 'path/to/uploaded/image.jpg', 10, 1),
(182, '5kWh Battery Module, LiFePO4, IP66', 'Huawei', 120000.00, 'Battery', 500, '10 years', 'The Huawei LUNA2000-5-E0 is a 5kWh high-voltage battery expansion module designed to work with the Huawei LUNA2000 Smart String storage system. It is uniquely modular, allowing you to stack up to three of these units per power module for a total of 15kWh per stack', 'path/to/uploaded/image.jpg', 10, 1),
(183, '5.12kWh 100Ah 51.2V High Voltage Battery Pack HYX-E50-H3', 'Hyxipower', 62000.00, 'Battery', 500, '5 years', 'The HYX-E50-H3 is a high-voltage Lithium Iron Phosphate (LFP) battery module manufactured by HyxiPower (Zhejiang Hyxi Technology). It is designed to be used in a series stack where multiple modules are connected to reach voltages of 100V to 500V+, which increases inverter efficiency and reduces cable thickness.', 'path/to/uploaded/image.jpg', 10, 1),
(185, '10.4kWh 200Ah 51.2V High Voltage Battery Pack HYX-E100-H3', 'Hyxipower', 95000.00, 'Battery', 500, '5 years', 'The HYX-E100-H3 (by HyxiPower) is the high-capacity sibling to the E50-H3. It is a large-format, high-voltage LFP battery module designed for residential and commercial energy storage systems that require a higher voltage ceiling for better inverter efficiency. iT is a 10.4kWh battery module that utilizes a 208V nominal voltage architecture. By stacking these modules, you can build an ultra-high-voltage battery bank (up to 40kWh+), which is typical for modern high-performance hybrid systems.', 'path/to/uploaded/image.jpg', 10, 1),
(188, '5.12kWh 100Ah 51.2V DL5.0C  IP20 LifePO4', 'Dyness', 49000.00, 'Battery', 500, '5 years', 'The Dyness DL5.0C is a popular low-voltage (LV) lithium iron phosphate (LFP) battery designed for residential and small commercial energy storage. It is highly regarded for its 1C discharge rate, meaning it can discharge its full capacity in one hour—perfect for handling sudden heavy appliance loads.', 'path/to/uploaded/image.jpg', 10, 1),
(190, '14.336kWh 280Ah 51.2V POWERBRICK IP20 LifePO4 w/wheels &  top cover', 'Dyness', 88000.00, 'Battery', 500, '5 years', 'The PowerBrick is a 14.336kWh / 280Ah LiFePO4 battery module. It is designed to be a \\\"plug-and-play\\\" powerhouse for homes and small businesses, particularly those with high peak-load requirements. Supports a continuous discharge of 200A (approx. 10kW), allowing a single unit to power multiple air conditioners or large kitchen appliances easily.', 'path/to/uploaded/image.jpg', 10, 1),
(191, '14.336kWh 280Ah 51.2V POWERBRICK PRO IP65 LifePO4 w/wheels &  top cover', 'Dyness', 105000.00, 'Battery', 500, '5 years', 'The Dyness PowerBrick Pro (14.336kWh) is the \\\"ruggedized\\\" evolution of the standard PowerBrick. While it shares the same massive energy capacity, the IP65 rating is the game-changer here, making it one of the few high-capacity 51.2V batteries specifically engineered to survive the high humidity and dust levels common in the Philippines. ', 'path/to/uploaded/image.jpg', 10, 1),
(194, '14.336kWh 280Ah 51.2V POWERBRICK SC IP20 LifePO4 w/ screen ,  wheels & top cover', 'Dyness', 105000.00, 'Battery', 500, '5 years', 'The Dyness PowerBrick SC 14.336kWh (280Ah) is the standard-capacity version of the PowerBrick SC series. Capable of a 200A continuous discharge (approx. 10.24kW), allowing you to run heavy-duty loads like whole-home air conditioning or pumps without tripping the battery BMS.', 'path/to/uploaded/image.jpg', 10, 1),
(198, '6 KW Single Phase Grid Tied Inverter SUN-6-G05P1- EU-AM2', 'Deye', 35000.00, 'Inverter', 500, '5 years', 'The Deye SUN-6K-G05P1-EU-AM2 is a compact, high-efficiency single-phase grid-tied string inverter. Like the 10kW model, this is an on-grid only inverter, meaning it focuses on maximizing solar harvesting and grid export but does not support batteries or provide power during a brownout.', 'path/to/uploaded/image.jpg', 10, 1),
(200, '10 KW Single Phase Grid Tied Inverter SUN-10K-G02P1-EU-AM2', 'Deye', 45000.00, 'Inverter', 500, '5 years', 'The  Deye SUN-10K-G02P1-EU-AM2 is a high-power, single-phase grid-tied string inverter. Unlike the hybrid inverters often paired with the batteries we discussed earlier, this is a pure grid-tie unit. Its primary job is to convert solar energy into AC power for your home or for selling back to the grid (Net Metering), but it does not support battery storage directly.', 'path/to/uploaded/image.jpg', 10, 1),
(202, '6kW Single Phase Hybrid Inverter SUN-6K- SG04LP1-EU-SM1/SM2', 'Deye', 59000.00, 'Inverter', 500, '5 years', 'The Deye SUN-6K-SG04LP1-EU (SM1/SM2) is a highly versatile single-phase hybrid inverter that has become a benchmark in the Philippines for residential solar storage. Unlike the \\\"grid-tied\\\" models we discussed earlier, this Hybrid unit can manage solar panels, the utility grid, a generator, and a battery bank simultaneously.', 'path/to/uploaded/image.jpg', 10, 1),
(203, '8kW Three Phase Hybrid Inverter SUN-8K- SG05LP3-EU-SM2', 'Deye', 77000.00, 'Inverter', 500, '5 years', 'The Deye SUN-8K-SG05LP3-EU-SM2 is a sophisticated three-phase hybrid inverter designed for homes or small businesses with three-phase electrical systems. Unlike standard three-phase units that often require high-voltage batteries, this specific model (SG05 series) is a Low Voltage (LV) hybrid, meaning it remains compatible with the 48V/51.2V battery systems.', 'path/to/uploaded/image.jpg', 10, 1),
(205, '12KW Three Phase Hybrid Inverter SUN-12K- SG05LP3-EU-SM2', 'Deye', 99000.00, 'Inverter', 500, '5 years', 'The Deye SUN-12K-SG05LP3-EU-SM2 is the most powerful model in Deye’s low-voltage (48V) three-phase hybrid series. It is highly sought after for large residences and small commercial facilities in the Philippines because it provides massive 12kW backup power while remaining compatible with affordable 48V/51.2V battery banks.', 'path/to/uploaded/image.jpg', 10, 1),
(207, '16KW Three Phase Hybrid Inverter SUN-16K- SG05LP3-EU-SM2', 'Deye', 128000.00, 'Inverter', 500, '5 years', 'The Deye SUN-16K-SG05LP3-EU-SM2 is currently the most powerful low-voltage (48V) three-phase hybrid inverter in Deye\\\'s lineup. It is a high-performance solution for large estates, commercial complexes, and light industrial sites that need significant power but want to use safer and more affordable 48V battery systems.', 'path/to/uploaded/image.jpg', 10, 1),
(209, '18KW Three Phase Hybrid Inverter SUN-18K- SG05LP3-EU-SM2', 'Deye', 140000.00, 'Inverter', 500, '5 years', 'The Deye SUN-18K-SG05LP3-EU-SM2 is the high-capacity elite of Deye\\\'s low-voltage (48V) three-phase hybrid family. It is a rare powerhouse that bridges the gap between residential storage and light industrial demand, managing a massive 18kW of power while remaining on a safer, 48V battery architecture.', 'path/to/uploaded/image.jpg', 10, 1),
(211, '20KW Three Phase Hybrid Inverter SUN-20K- SG05LP3-EU-SM2', 'Deye', 175000.00, 'Inverter', 500, '5 years', 'The Deye SUN-20K-SG05LP3-EU-SM2 is the powerhouse of the Deye low-voltage (48V) three-phase hybrid family. It is a rare and highly engineered inverter that allows for a massive 20kW of power while still using a safe, low-voltage battery architecture. This makes it ideal for large luxury estates, agricultural facilities, or small commercial buildings in the Philippines.', 'path/to/uploaded/image.jpg', 10, 1),
(213, '3KW On Grid Single Phase String Inverter with AFCI HYX-S3K-S', 'Hyxipower', 29000.00, 'Inverter', 500, '5 years', 'The HyxiPower HYX-S3K-S is a compact, high-efficiency single-phase on-grid string inverter. It is specifically designed for residential systems where safety is a priority, featuring integrated AFCI (Arc Fault Circuit Interrupter) to detect and mitigate electrical fire risks caused by DC arc faults.', 'path/to/uploaded/image.jpg', 10, 1),
(215, '4KW On Grid Single Phase String Inverter with AFCI HYX-S4K-S', 'Hyxipower', 32000.00, 'Inverter', 500, '5 years', 'The HyxiPower HYX-S4K-S is the 4kW variant of the \\\"Halo\\\" series single-phase on-grid string inverters. It is a highly efficient, safety-focused unit designed for residential rooftops where the homeowner wants to maximize solar harvest while ensuring protection against electrical fires via integrated AFCI technology.', 'path/to/uploaded/image.jpg', 10, 1),
(221, 'U-TYPE RAILING 4 sets of  2.4 meter  (Aluminum)', 'Universal Brand', 4400.00, 'Mounting & Accessories', 500, '2 years', 'Aluminum U-type railings in 2.4-meter lengths are solar mounting for structural support, featuring anodized aluminum alloy (typically AL6005-T5) to resist corrosion in outdoor environments.', 'path/to/uploaded/image.jpg', 10, 1),
(225, 'U-TYPE MID CLAMP 4 sets of  35 mm  (BOLT ASSEMBLY)', 'Universal Brand', 400.00, 'Mounting & Accessories', 500, '2 years', 'U-type mid clamps for 35mm solar panels are essential for securing two adjacent panels to aluminum mounting rails. This is Anodized Aluminum Alloy.', 'path/to/uploaded/image.jpg', 10, 1),
(227, 'U-TYPE END CLAMP 4 sets of  35 mm  (BOLT ASSEMBLY)', 'Universal Brand', 400.00, 'Mounting & Accessories', 500, '2 years', 'U-type end clamps for 35mm solar panels are essential for securing two adjacent panels to aluminum mounting rails. These are Anodized Aluminum Alloy.', 'path/to/uploaded/image.jpg', 10, 1),
(233, 'U-TYPE RAIL CONNECTOR 4 sets of (BOLT ASSEMBLY)', 'Universal Brand', 680.00, 'Mounting & Accessories', 1000, '2 years', 'U-type rail connector bolt assemblies specifically designed to secure rails. These kits are commonly used for solar panel mounting.', 'path/to/uploaded/image.jpg', 10, 5);

-- --------------------------------------------------------

--
-- Table structure for table `product_images`
--

CREATE TABLE `product_images` (
  `id` int(11) NOT NULL,
  `product_id` int(11) NOT NULL,
  `image_path` varchar(255) NOT NULL,
  `created_at` timestamp NOT NULL DEFAULT current_timestamp()
) ENGINE=InnoDB DEFAULT CHARSET=utf8mb4 COLLATE=utf8mb4_general_ci;

--
-- Dumping data for table `product_images`
--

INSERT INTO `product_images` (`id`, `product_id`, `image_path`, `created_at`) VALUES
(52, 65, 'uploads/products/65/img_69586d3b66f92.webp', '2026-01-03 01:13:31'),
(60, 74, 'uploads/products/74/img_6958918b5af26.jpg', '2026-01-03 03:48:27'),
(61, 75, 'uploads/products/75/img_6958923aef776.jpg', '2026-01-03 03:51:22'),
(63, 78, 'uploads/products/78/img_6965dae288237.jpg', '2026-01-13 05:40:50'),
(65, 80, 'uploads/products/80/img_6966e56d20efd.jpg', '2026-01-14 00:38:05'),
(66, 81, 'uploads/products/81/img_6966e5d91fdf5.jpg', '2026-01-14 00:39:53'),
(92, 91, 'uploads/products/91/img_6969f89584292.png', '2026-01-16 08:36:37'),
(93, 91, 'uploads/products/91/img_6969f8c06a36b.png', '2026-01-16 08:37:20'),
(94, 91, 'uploads/products/91/img_6969f8c06aecc.png', '2026-01-16 08:37:20'),
(97, 95, 'uploads/products/95/img_696ef6d9e9705.png', '2026-01-20 03:30:33'),
(98, 95, 'uploads/products/95/img_696ef94c0b720.png', '2026-01-20 03:41:00'),
(99, 95, 'uploads/products/95/img_696ef9886c89f.png', '2026-01-20 03:42:00'),
(102, 98, 'uploads/products/98/img_696efc0356e81.png', '2026-01-20 03:52:35'),
(103, 99, 'uploads/products/99/img_696efcc955f40.png', '2026-01-20 03:55:53'),
(118, 98, 'uploads/products/98/img_696f3149633ee.jpg', '2026-01-20 07:39:53'),
(119, 98, 'uploads/products/98/img_696f31496ff3c.jpg', '2026-01-20 07:39:53'),
(124, 102, 'uploads/products/102/img_696f330152850.png', '2026-01-20 07:47:13'),
(125, 99, 'uploads/products/99/img_696f330803931.jpg', '2026-01-20 07:47:20'),
(126, 99, 'uploads/products/99/img_696f3308062af.jpg', '2026-01-20 07:47:20'),
(127, 102, 'uploads/products/102/img_696f34406dda5.jpg', '2026-01-20 07:52:32'),
(128, 102, 'uploads/products/102/img_696f34406f23d.jpg', '2026-01-20 07:52:32'),
(129, 103, 'uploads/products/103/img_696f357080e65.png', '2026-01-20 07:57:36'),
(130, 104, 'uploads/products/104/img_696f35fcecec8.png', '2026-01-20 07:59:57'),
(132, 103, 'uploads/products/103/img_696f37e4e30c4.jpg', '2026-01-20 08:08:04'),
(133, 103, 'uploads/products/103/img_696f37e4e4056.jpg', '2026-01-20 08:08:04'),
(136, 104, 'uploads/products/104/img_696f397bce310.jpg', '2026-01-20 08:14:51'),
(137, 104, 'uploads/products/104/img_696f397bcf373.jpg', '2026-01-20 08:14:51'),
(138, 108, 'uploads/products/108/img_696f3b751d15e.png', '2026-01-20 08:23:17'),
(139, 109, 'uploads/products/109/img_6972c19b3ef0f.png', '2026-01-23 00:32:27'),
(141, 109, 'uploads/products/109/img_6972c2bb8b4fb.png', '2026-01-23 00:37:15'),
(142, 109, 'uploads/products/109/img_6972c2bb8be4d.png', '2026-01-23 00:37:15'),
(151, 119, 'uploads/products/119/img_69785c02b7ff3.png', '2026-01-27 06:32:34'),
(152, 120, 'uploads/products/120/img_69785d3c03bde.png', '2026-01-27 06:37:48'),
(154, 122, 'uploads/products/122/img_697ad9370c153.jpg', '2026-01-29 03:51:19'),
(155, 123, 'uploads/products/123/img_697ada136d7a3.jpg', '2026-01-29 03:54:59'),
(156, 124, 'uploads/products/124/img_697c617490e4e.jpg', '2026-01-30 07:44:52'),
(157, 124, 'uploads/products/124/img_697ff7cabc5a5.png', '2026-02-02 01:03:06'),
(162, 128, 'uploads/products/128/img_69892fd722c9e.png', '2026-02-09 00:52:39'),
(164, 130, 'uploads/products/130/img_6989309e992c5.png', '2026-02-09 00:55:58'),
(166, 132, 'uploads/products/132/img_698932db4b551.png', '2026-02-09 01:05:31'),
(169, 135, 'uploads/products/135/img_6989353d9a833.png', '2026-02-09 01:15:41'),
(170, 136, 'uploads/products/136/img_69894a0ccbfae.png', '2026-02-09 02:44:28'),
(172, 138, 'uploads/products/138/img_69898695e52f9.png', '2026-02-09 07:02:45'),
(174, 140, 'uploads/products/140/img_6989891e5272d.png', '2026-02-09 07:13:34'),
(176, 142, 'uploads/products/142/img_69898a7b27150.png', '2026-02-09 07:19:23'),
(177, 143, 'uploads/products/143/img_698a9efc68c02.png', '2026-02-10 02:59:08'),
(178, 144, 'uploads/products/144/img_698aca11cc86a.png', '2026-02-10 06:02:57'),
(179, 145, 'uploads/products/145/img_698ae014473a1.png', '2026-02-10 07:36:52'),
(181, 147, 'uploads/products/147/img_698ae301d642a.png', '2026-02-10 07:49:21'),
(182, 148, 'uploads/products/148/img_698ae63a26f83.png', '2026-02-10 08:03:06'),
(184, 150, 'uploads/products/150/img_698ae9440ceac.png', '2026-02-10 08:16:04'),
(187, 153, 'uploads/products/153/img_698aea5312c1e.png', '2026-02-10 08:20:35'),
(190, 156, 'uploads/products/156/img_698c37a60d5ac.png', '2026-02-11 08:02:46'),
(192, 158, 'uploads/products/158/img_698c384e57493.png', '2026-02-11 08:05:34'),
(194, 160, 'uploads/products/160/img_698c38fa64dfe.png', '2026-02-11 08:08:26'),
(197, 163, 'uploads/products/163/img_698c3a70ad9ee.png', '2026-02-11 08:14:40'),
(198, 164, 'uploads/products/164/img_698c3b086c666.png', '2026-02-11 08:17:12'),
(199, 165, 'uploads/products/165/img_698c3e89af912.png', '2026-02-11 08:32:09'),
(204, 170, 'uploads/products/170/img_698c41d67c820.png', '2026-02-11 08:46:14'),
(206, 172, 'uploads/products/172/img_698d241a285a0.png', '2026-02-12 00:51:38'),
(208, 174, 'uploads/products/174/img_698d24da7b308.png', '2026-02-12 00:54:50'),
(209, 175, 'uploads/products/175/img_698d2632b40c9.png', '2026-02-12 01:00:34'),
(210, 176, 'uploads/products/176/img_698d27565993c.png', '2026-02-12 01:05:26'),
(212, 178, 'uploads/products/178/img_698d3104c6f89.png', '2026-02-12 01:46:44'),
(214, 180, 'uploads/products/180/img_698d325a76869.png', '2026-02-12 01:52:26'),
(216, 182, 'uploads/products/182/img_698d32e218df6.png', '2026-02-12 01:54:42'),
(217, 183, 'uploads/products/183/img_698d345011791.png', '2026-02-12 02:00:48'),
(219, 185, 'uploads/products/185/img_698d3529f2d57.png', '2026-02-12 02:04:25'),
(222, 188, 'uploads/products/188/img_698d3638a1dad.png', '2026-02-12 02:08:56'),
(224, 190, 'uploads/products/190/img_698d36c254e0b.png', '2026-02-12 02:11:14'),
(225, 191, 'uploads/products/191/img_698d373f1e23f.png', '2026-02-12 02:13:19'),
(228, 194, 'uploads/products/194/img_698d39506b662.png', '2026-02-12 02:22:08'),
(232, 198, 'uploads/products/198/img_698ec2613ee8b.png', '2026-02-13 06:19:13'),
(234, 200, 'uploads/products/200/img_698ec2cc6412b.png', '2026-02-13 06:21:00'),
(236, 202, 'uploads/products/202/img_698ec3ad1ca9c.png', '2026-02-13 06:24:45'),
(237, 203, 'uploads/products/203/img_698ec4235fcdd.png', '2026-02-13 06:26:43'),
(239, 205, 'uploads/products/205/img_698ec679c4d8e.png', '2026-02-13 06:36:41'),
(241, 207, 'uploads/products/207/img_698ec6dbc931d.png', '2026-02-13 06:38:19'),
(243, 209, 'uploads/products/209/img_698ec8540eae1.png', '2026-02-13 06:44:36'),
(245, 211, 'uploads/products/211/img_698ec8ecd0ac1.png', '2026-02-13 06:47:08'),
(247, 213, 'uploads/products/213/img_698ec9d458578.png', '2026-02-13 06:51:00'),
(249, 215, 'uploads/products/215/img_698eca9bcb89b.png', '2026-02-13 06:54:19'),
(251, 119, 'uploads/products/119/img_69994b8d4c688.jpg', '2026-02-21 06:07:09'),
(252, 119, 'uploads/products/119/img_69994b8d4d48a.jpg', '2026-02-21 06:07:09'),
(253, 120, 'uploads/products/120/img_69994cc72952f.jpg', '2026-02-21 06:12:23'),
(254, 120, 'uploads/products/120/img_69994cc72a268.jpg', '2026-02-21 06:12:23'),
(259, 221, 'uploads/products/221/img_699fb77771983.png', '2026-02-26 03:01:11'),
(263, 225, 'uploads/products/225/img_699fd940ec649.png', '2026-02-26 05:25:20'),
(265, 227, 'uploads/products/227/img_699fda2e5cac5.png', '2026-02-26 05:29:18'),
(277, 233, 'uploads/products/233/img_69a78e036922f.png', '2026-03-04 01:42:27'),
(280, 221, 'uploads/products/221/img_69b1c95e321c7.png', '2026-03-11 19:58:22'),
(281, 221, 'uploads/products/221/img_69b1c9894cf9e.png', '2026-03-11 19:59:05'),
(282, 221, 'uploads/products/221/img_69b1ca011eeb9.png', '2026-03-11 20:01:05'),
(283, 221, 'uploads/products/221/img_69b1cac1dc75d.jpg', '2026-03-11 20:04:17'),
(284, 221, 'uploads/products/221/img_69b1cac23d447.jpg', '2026-03-11 20:04:18'),
(287, 74, 'uploads/products/74/img_69b1f36fe65b6.png', '2026-03-11 22:57:51'),
(292, 170, 'uploads/products/170/img_69b27137991b4.jpg', '2026-03-12 07:54:31'),
(293, 170, 'uploads/products/170/img_69b271379e59e.jpg', '2026-03-12 07:54:31'),
(296, 165, 'uploads/products/165/img_69b273bd3256f.jpg', '2026-03-12 08:05:17'),
(297, 165, 'uploads/products/165/img_69b273bd360d0.jpg', '2026-03-12 08:05:17'),
(300, 168, 'uploads/products/168/img_69c348b8c19b5.png', '2026-03-25 02:30:16'),
(301, 168, 'uploads/products/168/img_69c348feb3003.jpg', '2026-03-25 02:31:26'),
(302, 168, 'uploads/products/168/img_69c348feb3f33.jpg', '2026-03-25 02:31:26'),
(303, 164, 'uploads/products/164/img_69c34b7b55742.png', '2026-03-25 02:42:03'),
(304, 164, 'uploads/products/164/img_69c34b7b5742f.png', '2026-03-25 02:42:03'),
(305, 163, 'uploads/products/163/img_69c34d4e4832e.png', '2026-03-25 02:49:50'),
(306, 160, 'uploads/products/160/img_69c34e9ee0d09.jpg', '2026-03-25 02:55:26'),
(307, 160, 'uploads/products/160/img_69c34eafb1b45.jpg', '2026-03-25 02:55:43'),
(308, 158, 'uploads/products/158/img_69c3513df115a.jpg', '2026-03-25 03:06:37'),
(309, 158, 'uploads/products/158/img_69c3513df2a36.jpg', '2026-03-25 03:06:37'),
(310, 156, 'uploads/products/156/img_69c35a8c0d628.jpg', '2026-03-25 03:46:20'),
(311, 156, 'uploads/products/156/img_69c35a8c0e68a.jpg', '2026-03-25 03:46:20'),
(312, 150, 'uploads/products/150/img_69c35b9185816.jpg', '2026-03-25 03:50:41'),
(313, 150, 'uploads/products/150/img_69c35b9187019.jpg', '2026-03-25 03:50:41'),
(314, 108, 'uploads/products/108/img_69c35c012b22c.jpg', '2026-03-25 03:52:33'),
(315, 108, 'uploads/products/108/img_69c35c1bb3b24.jpg', '2026-03-25 03:52:59');

-- --------------------------------------------------------

--
-- Table structure for table `quotations`
--

CREATE TABLE `quotations` (
  `id` int(11) NOT NULL,
  `quotation_number` varchar(10) DEFAULT NULL,
  `client_name` varchar(255) NOT NULL,
  `email` varchar(50) NOT NULL,
  `contact` int(11) DEFAULT NULL,
  `location` varchar(255) DEFAULT NULL,
  `system_type` enum('HYBRID','SUPPLY-ONLY','GRID-TIE-HYBRID') DEFAULT NULL,
  `kw` decimal(10,2) DEFAULT NULL,
  `officer` enum('PRINCESS','ANNE','GAB','JOY') DEFAULT NULL,
  `status` enum('SENT','ONGOING','APPROVED','CLOSED','LOSS') DEFAULT NULL,
  `remarks` text DEFAULT NULL,
  `created_by` int(11) DEFAULT NULL,
  `created_at` timestamp NOT NULL DEFAULT current_timestamp(),
  `updated_at` timestamp NOT NULL DEFAULT current_timestamp() ON UPDATE current_timestamp()
) ENGINE=InnoDB DEFAULT CHARSET=utf8mb4 COLLATE=utf8mb4_general_ci;

-- --------------------------------------------------------

--
-- Table structure for table `staff`
--

CREATE TABLE `staff` (
  `id` int(11) NOT NULL,
  `firstName` varchar(55) NOT NULL,
  `lastName` varchar(55) NOT NULL,
  `email` varchar(55) NOT NULL,
  `password` varchar(255) NOT NULL COMMENT 'Hashed password using password_hash()',
  `contact_number` varchar(20) DEFAULT NULL COMMENT 'Contact number in any format (09XX, +639XX, etc)',
  `profile_picture` varchar(255) DEFAULT NULL,
  `created_at` timestamp NOT NULL DEFAULT current_timestamp()
) ENGINE=InnoDB DEFAULT CHARSET=utf8mb4 COLLATE=utf8mb4_general_ci;

--
-- Dumping data for table `staff`
--

INSERT INTO `staff` (`id`, `firstName`, `lastName`, `email`, `password`, `contact_number`, `profile_picture`, `created_at`) VALUES
(8, 'Princess', 'Tumala', 'princesstumala5@gmail.com', '$2y$10$3Ci', '09184148517', NULL, '2026-01-12 08:17:14'),
(9, 'Aico', 'Raymundo', 'raymundoaicomarie@gmail.com', '$2y$10$had', '2147483647', NULL, '2026-01-30 08:20:50'),
(10, 'Janvier', 'Erickson', 'janvierericksonaraque@gmail.com', '$2y$10$uIlZuPr0f9MD75qG9DxkhexWh2aMztpY6LHPsuhL211a5VITId9g2', '+639706911766', 'staff_10_1776412170.jpg', '2026-02-02 00:53:23'),
(11, 'Joy', 'Madrigal', 'joymadrigal01@gmail.com', '$2y$10$U0WHtT1yiYU1nmEtHxA.c.gNJSYi3G04A8CFfWC9sVtoqrTSQbPzK', '099999999999', NULL, '2026-02-03 08:46:50'),
(12, 'kent ', 'Jocel', 'kentjocellusdoc@gmail.com', '@kent123', NULL, NULL, '2026-04-10 03:15:49');

-- --------------------------------------------------------

--
-- Table structure for table `subscribers`
--

CREATE TABLE `subscribers` (
  `id` int(11) NOT NULL,
  `email` varchar(255) NOT NULL,
  `subscribed_at` timestamp NOT NULL DEFAULT current_timestamp(),
  `status` enum('active','inactive','unsubscribed') DEFAULT 'active',
  `ip_address` varchar(45) DEFAULT NULL,
  `user_agent` varchar(255) DEFAULT NULL
) ENGINE=InnoDB DEFAULT CHARSET=utf8mb4 COLLATE=utf8mb4_unicode_ci;

-- --------------------------------------------------------

--
-- Table structure for table `supplier`
--

CREATE TABLE `supplier` (
  `id` int(11) NOT NULL,
  `supplierName` varchar(255) NOT NULL,
  `contactPerson` varchar(255) DEFAULT NULL,
  `email` varchar(100) DEFAULT NULL,
  `phone` varchar(20) DEFAULT NULL,
  `address` text DEFAULT NULL,
  `city` varchar(100) DEFAULT NULL,
  `country` varchar(100) DEFAULT NULL,
  `registrationDate` timestamp NOT NULL DEFAULT current_timestamp()
) ENGINE=InnoDB DEFAULT CHARSET=utf8mb4 COLLATE=utf8mb4_general_ci;

--
-- Dumping data for table `supplier`
--

INSERT INTO `supplier` (`id`, `supplierName`, `contactPerson`, `email`, `phone`, `address`, `city`, `country`, `registrationDate`) VALUES
(1, 'PowerAi', 'Marilou', 'marilou@gmail.com', '0912345678', 'Alabang pbb', 'muntinlupa', 'Philippines', '2025-12-24 02:47:39');

--
-- Indexes for dumped tables
--

--
-- Indexes for table `admin`
--
ALTER TABLE `admin`
  ADD PRIMARY KEY (`id`),
  ADD UNIQUE KEY `email` (`username`);

--
-- Indexes for table `brands`
--
ALTER TABLE `brands`
  ADD PRIMARY KEY (`brand_id`),
  ADD UNIQUE KEY `brand_name` (`brand_name`),
  ADD KEY `category_id` (`category_id`);

--
-- Indexes for table `categories`
--
ALTER TABLE `categories`
  ADD PRIMARY KEY (`category_id`),
  ADD UNIQUE KEY `category_name` (`category_name`);

--
-- Indexes for table `client`
--
ALTER TABLE `client`
  ADD PRIMARY KEY (`id`),
  ADD UNIQUE KEY `email` (`email`);

--
-- Indexes for table `contact_messages`
--
ALTER TABLE `contact_messages`
  ADD PRIMARY KEY (`id`);

--
-- Indexes for table `delivery_locations`
--
ALTER TABLE `delivery_locations`
  ADD PRIMARY KEY (`id`);

--
-- Indexes for table `orders`
--
ALTER TABLE `orders`
  ADD PRIMARY KEY (`id`),
  ADD UNIQUE KEY `order_reference` (`order_reference`),
  ADD KEY `idx_order_reference` (`order_reference`),
  ADD KEY `idx_customer_email` (`customer_email`),
  ADD KEY `idx_order_status` (`order_status`);

--
-- Indexes for table `order_items`
--
ALTER TABLE `order_items`
  ADD PRIMARY KEY (`id`),
  ADD KEY `order_id` (`order_id`);

--
-- Indexes for table `order_tracking_history`
--
ALTER TABLE `order_tracking_history`
  ADD PRIMARY KEY (`id`),
  ADD KEY `updated_by_staff_id` (`updated_by_staff_id`),
  ADD KEY `idx_order_id` (`order_id`),
  ADD KEY `idx_created_at` (`created_at`);

--
-- Indexes for table `password_resets`
--
ALTER TABLE `password_resets`
  ADD PRIMARY KEY (`id`),
  ADD UNIQUE KEY `email` (`email`);

--
-- Indexes for table `product`
--
ALTER TABLE `product`
  ADD PRIMARY KEY (`id`);

--
-- Indexes for table `product_images`
--
ALTER TABLE `product_images`
  ADD PRIMARY KEY (`id`),
  ADD KEY `product_id` (`product_id`);

--
-- Indexes for table `quotations`
--
ALTER TABLE `quotations`
  ADD PRIMARY KEY (`id`),
  ADD UNIQUE KEY `quotation_number` (`quotation_number`);

--
-- Indexes for table `staff`
--
ALTER TABLE `staff`
  ADD PRIMARY KEY (`id`);

--
-- Indexes for table `subscribers`
--
ALTER TABLE `subscribers`
  ADD PRIMARY KEY (`id`),
  ADD UNIQUE KEY `email` (`email`),
  ADD KEY `idx_email` (`email`),
  ADD KEY `idx_status` (`status`),
  ADD KEY `idx_subscribed_at` (`subscribed_at`);

--
-- Indexes for table `supplier`
--
ALTER TABLE `supplier`
  ADD PRIMARY KEY (`id`);

--
-- AUTO_INCREMENT for dumped tables
--

--
-- AUTO_INCREMENT for table `admin`
--
ALTER TABLE `admin`
  MODIFY `id` int(11) NOT NULL AUTO_INCREMENT, AUTO_INCREMENT=14;

--
-- AUTO_INCREMENT for table `brands`
--
ALTER TABLE `brands`
  MODIFY `brand_id` int(11) UNSIGNED NOT NULL AUTO_INCREMENT, AUTO_INCREMENT=18;

--
-- AUTO_INCREMENT for table `categories`
--
ALTER TABLE `categories`
  MODIFY `category_id` int(11) UNSIGNED NOT NULL AUTO_INCREMENT, AUTO_INCREMENT=7;

--
-- AUTO_INCREMENT for table `client`
--
ALTER TABLE `client`
  MODIFY `id` int(11) NOT NULL AUTO_INCREMENT, AUTO_INCREMENT=2;

--
-- AUTO_INCREMENT for table `contact_messages`
--
ALTER TABLE `contact_messages`
  MODIFY `id` int(11) NOT NULL AUTO_INCREMENT, AUTO_INCREMENT=11;

--
-- AUTO_INCREMENT for table `delivery_locations`
--
ALTER TABLE `delivery_locations`
  MODIFY `id` int(11) NOT NULL AUTO_INCREMENT;

--
-- AUTO_INCREMENT for table `orders`
--
ALTER TABLE `orders`
  MODIFY `id` int(11) NOT NULL AUTO_INCREMENT, AUTO_INCREMENT=44;

--
-- AUTO_INCREMENT for table `order_items`
--
ALTER TABLE `order_items`
  MODIFY `id` int(11) NOT NULL AUTO_INCREMENT, AUTO_INCREMENT=27;

--
-- AUTO_INCREMENT for table `order_tracking_history`
--
ALTER TABLE `order_tracking_history`
  MODIFY `id` int(11) NOT NULL AUTO_INCREMENT, AUTO_INCREMENT=52;

--
-- AUTO_INCREMENT for table `password_resets`
--
ALTER TABLE `password_resets`
  MODIFY `id` int(11) NOT NULL AUTO_INCREMENT;

--
-- AUTO_INCREMENT for table `product`
--
ALTER TABLE `product`
  MODIFY `id` int(11) NOT NULL AUTO_INCREMENT, AUTO_INCREMENT=236;

--
-- AUTO_INCREMENT for table `product_images`
--
ALTER TABLE `product_images`
  MODIFY `id` int(11) NOT NULL AUTO_INCREMENT, AUTO_INCREMENT=316;

--
-- AUTO_INCREMENT for table `quotations`
--
ALTER TABLE `quotations`
  MODIFY `id` int(11) NOT NULL AUTO_INCREMENT, AUTO_INCREMENT=10;

--
-- AUTO_INCREMENT for table `staff`
--
ALTER TABLE `staff`
  MODIFY `id` int(11) NOT NULL AUTO_INCREMENT, AUTO_INCREMENT=13;

--
-- AUTO_INCREMENT for table `subscribers`
--
ALTER TABLE `subscribers`
  MODIFY `id` int(11) NOT NULL AUTO_INCREMENT;

--
-- AUTO_INCREMENT for table `supplier`
--
ALTER TABLE `supplier`
  MODIFY `id` int(11) NOT NULL AUTO_INCREMENT, AUTO_INCREMENT=2;

--
-- Constraints for dumped tables
--

--
-- Constraints for table `brands`
--
ALTER TABLE `brands`
  ADD CONSTRAINT `brands_ibfk_1` FOREIGN KEY (`category_id`) REFERENCES `categories` (`category_id`) ON DELETE CASCADE;

--
-- Constraints for table `order_items`
--
ALTER TABLE `order_items`
  ADD CONSTRAINT `order_items_ibfk_1` FOREIGN KEY (`order_id`) REFERENCES `orders` (`id`) ON DELETE CASCADE;

--
-- Constraints for table `order_tracking_history`
--
ALTER TABLE `order_tracking_history`
  ADD CONSTRAINT `order_tracking_history_ibfk_1` FOREIGN KEY (`order_id`) REFERENCES `orders` (`id`) ON DELETE CASCADE,
  ADD CONSTRAINT `order_tracking_history_ibfk_2` FOREIGN KEY (`updated_by_staff_id`) REFERENCES `staff` (`id`) ON DELETE SET NULL;

--
-- Constraints for table `product_images`
--
ALTER TABLE `product_images`
  ADD CONSTRAINT `product_images_ibfk_1` FOREIGN KEY (`product_id`) REFERENCES `product` (`id`) ON DELETE CASCADE;
COMMIT;

/*!40101 SET CHARACTER_SET_CLIENT=@OLD_CHARACTER_SET_CLIENT */;
/*!40101 SET CHARACTER_SET_RESULTS=@OLD_CHARACTER_SET_RESULTS */;
/*!40101 SET COLLATION_CONNECTION=@OLD_COLLATION_CONNECTION */;
